1,Lockwood,Rivallant,lrivallant0@nature.com,VP Accounting,Tongda
2,Wendall,Antonioni,wantonioni1@icq.com,Sales Representative,Jājarm
3,Koralle,O'Corrin,kocorrin2@rambler.ru,Software Consultant,Shanghu
4,Bev,Batchelder,bbatchelder3@craigslist.org,Geologist II,Lugo
5,Tressa,Ruter,truter4@naver.com,Actuary,Amiens
6,Annissa,Risdale,arisdale5@wikipedia.org,Sales Representative,Rio Real
7,Sib,Westmerland,swestmerland6@aboutads.info,Nurse,Wugong
8,Berti,Prandi,bprandi7@networksolutions.com,Account Coordinator,Basa
9,Lonnard,Yaus,lyaus8@webs.com,Environmental Tech,Al Bilād
10,Agace,Winsbury,awinsbury9@cnbc.com,Pharmacist,Da Nang
11,Damiano,Pepis,dpepisa@bloglovin.com,Senior Editor,Parychy
12,Arlena,Van Hove,avanhoveb@biblegateway.com,VP Quality Control,Banjar Yehsatang
13,Gawen,Pointing,gpointingc@yahoo.com,Desktop Support Technician,Nueva Ocotepeque
14,Garnet,Benning,gbenningd@tiny.cc,Human Resources Assistant II,Malvern
15,Ross,Gerrels,rgerrelse@home.pl,Librarian,Batanovtsi
16,Koralle,Larby,klarbyf@gmpg.org,VP Accounting,Canalete
17,Euell,De Coursey,edecourseyg@ibm.com,Accountant IV,Sipeng
18,Branden,Follows,bfollowsh@cnbc.com,Environmental Specialist,Almirante Tamandaré
19,Dierdre,Nafzger,dnafzgeri@state.gov,VP Quality Control,El Carmen
20,Hunfredo,McCosker,hmccoskerj@cbsnews.com,Computer Systems Analyst II,Kota Kinabalu
21,Gerrie,Buckmaster,gbuckmasterk@woothemes.com,Geological Engineer,De la Paz
22,Ringo,Camelli,rcamellil@skype.com,Librarian,Ganhe
23,Daisy,Ondrak,dondrakm@java.com,Automation Specialist II,Beopwon
24,Alyosha,McKirdy,amckirdyn@ted.com,Senior Sales Associate,Trincomalee
25,Nanette,Flood,nfloodo@devhub.com,Help Desk Technician,Santo Anastácio
26,Fredric,Brunon,fbrunonp@jugem.jp,Payment Adjustment Coordinator,Albergaria
27,Nevins,Kibby,nkibbyq@va.gov,Statistician III,Kaiaf
28,Mack,Pawel,mpawelr@time.com,Operator,Njurunda
29,Noell,Testo,ntestos@example.com,Assistant Media Planner,Atok
30,Lanna,Itzkovwitch,litzkovwitcht@naver.com,Design Engineer,Santo Antônio de Posse
31,Nobie,Galliver,ngalliveru@netvibes.com,Accounting Assistant II,Qingjiangqiao
32,Bartlett,Croxon,bcroxonv@bloomberg.com,Assistant Manager,Yên Lạc
33,Quintilla,Manvelle,qmanvellew@naver.com,Mechanical Systems Engineer,Białobrzegi
34,Laird,Barabich,lbarabichx@sourceforge.net,Information Systems Manager,Pinsk
35,Corine,Bowshire,cbowshirey@skype.com,Office Assistant II,Rajhrad
36,Ferd,MacRinn,fmacrinnz@bloomberg.com,Programmer IV,Caen
37,Robbie,Sey,rsey10@narod.ru,VP Marketing,Rudnya
38,Viv,Tappor,vtappor11@uiuc.edu,Help Desk Operator,Gerdu
39,Rafael,Nisbith,rnisbith12@marketwatch.com,Operator,Nakatsugawa
40,Leonard,Idill,lidill13@toplist.cz,Operator,Chinhoyi
41,Meg,Wearing,mwearing14@cdbaby.com,Nuclear Power Engineer,Ağdaş
42,Mathias,Brookes,mbrookes15@sciencedirect.com,Executive Secretary,Reisjärvi
43,Gerladina,Frisdick,gfrisdick16@oakley.com,Administrative Assistant IV,Schiedam postbusnummers
44,Orren,Eason,oeason17@umn.edu,Paralegal,Jingling
45,Dniren,Cass,dcass18@state.gov,Senior Quality Engineer,Siemiątkowo
46,Nikaniki,Strand,nstrand19@livejournal.com,Staff Accountant II,Chengxi
47,Blanche,Rosevear,brosevear1a@ucoz.ru,Quality Engineer,Kafr ad Dawwār
48,Beret,Sharkey,bsharkey1b@google.com.au,Software Test Engineer I,Nogent-sur-Marne
49,Anna-diana,Pregal,apregal1c@posterous.com,Systems Administrator III,Hovorany
50,Milt,Walsh,mwalsh1d@answers.com,VP Sales,Bulalacao
51,Channa,Lye,clye1e@merriam-webster.com,Administrative Assistant IV,Tianxin
52,Carmelia,Brookson,cbrookson1f@skype.com,Biostatistician III,Ciechocin
53,Kristine,Caldecourt,kcaldecourt1g@canalblog.com,VP Quality Control,Kafr al Labad
54,Tildi,Pancost,tpancost1h@narod.ru,Desktop Support Technician,Aurora
55,Berti,Drewes,bdrewes1i@opera.com,Sales Representative,Loen
56,Cathee,Yarnley,cyarnley1j@rediff.com,Geological Engineer,Conner
57,Shep,Videler,svideler1k@huffingtonpost.com,Research Nurse,Fengkou
58,Chandler,Le Clercq,cleclercq1l@360.cn,Recruiter,La Quebrada
59,Rudie,Wilne,rwilne1m@goodreads.com,Developer I,Bolondrón
60,Sidoney,Duckwith,sduckwith1n@arizona.edu,Quality Engineer,Motygino
61,Cristine,Luxford,cluxford1o@webmd.com,Staff Accountant IV,Baiyang
62,Sibylle,Staten,sstaten1p@icio.us,Assistant Manager,Sanxi
63,Alwin,Readshall,areadshall1q@technorati.com,Account Representative II,Nglorogan
64,West,Conachie,wconachie1r@discovery.com,Senior Quality Engineer,Tabinay
65,Miner,Kondrachenko,mkondrachenko1s@webs.com,Environmental Tech,Chavães
66,Kerby,Janney,kjanney1t@eepurl.com,Biostatistician III,Krajan Timur Mlokorejo
67,Clemmie,Sire,csire1u@nyu.edu,Web Designer I,Seririt
68,Tiler,Magnay,tmagnay1v@weather.com,Account Coordinator,Ruma
69,Laurianne,Trethewey,ltrethewey1w@ask.com,Senior Cost Accountant,Marttila
70,Myca,Blachford,mblachford1x@who.int,Teacher,Dengfeng
71,Pooh,Jackways,pjackways1y@myspace.com,VP Marketing,Villanova
72,Corenda,Glasard,cglasard1z@mail.ru,Sales Associate,Chernomorskiy
73,Aeriela,Harburtson,aharburtson20@soundcloud.com,Senior Developer,Montijo
74,Wileen,Scuffham,wscuffham21@cam.ac.uk,Geological Engineer,Bat Khela
75,Beverlee,Dulen,bdulen22@arizona.edu,Statistician III,Sadabumi
76,Elaina,Elston,eelston23@umich.edu,Help Desk Operator,Sosnowiec
77,Mozes,Bissatt,mbissatt24@behance.net,Research Associate,Loreto
78,Ronnie,Brindley,rbrindley25@tiny.cc,Database Administrator III,Turośń Kościelna
79,Sherry,Wellum,swellum26@ft.com,Project Manager,Saint-Chamond
80,Eydie,Heselwood,eheselwood27@cmu.edu,VP Quality Control,Jalatrang
81,Rudyard,Choke,rchoke28@state.tx.us,Director of Sales,Újezd
82,Claresta,Vautre,cvautre29@last.fm,Mechanical Systems Engineer,Janagdong
83,Lionel,Pettigree,lpettigree2a@patch.com,Product Engineer,Qionghai
84,Jesselyn,MacInherney,jmacinherney2b@acquirethisname.com,Structural Engineer,Tieremu
85,Leupold,Andrei,landrei2c@gnu.org,Information Systems Manager,Profítis Ilías
86,Danny,Mecozzi,dmecozzi2d@omniture.com,Administrative Assistant I,Bongsri
87,Gertrude,Clougher,gclougher2e@mayoclinic.com,Internal Auditor,Hengelo
88,Forster,Graeme,fgraeme2f@reference.com,Social Worker,Carmen
89,Ignazio,Tinan,itinan2g@yale.edu,Business Systems Development Analyst,Ben Arous
90,Kaila,Kettoe,kkettoe2h@google.co.uk,Registered Nurse,Åhus
91,Batsheva,Safont,bsafont2i@imageshack.us,Dental Hygienist,Kupino
92,Tommy,Sudworth,tsudworth2j@hc360.com,Technical Writer,Ganquan
93,Sandro,Prys,sprys2k@goo.gl,Research Associate,Äänekoski
94,Mignonne,Ellicott,mellicott2l@go.com,Speech Pathologist,Melun
95,Petra,McTrustrie,pmctrustrie2m@omniture.com,VP Product Management,Talashkino
96,Alberta,Currington,acurrington2n@devhub.com,Account Coordinator,Shar’ya
97,Donaugh,Sawl,dsawl2o@army.mil,Editor,Hengqu
98,Lindi,Shireff,lshireff2p@oakley.com,Web Developer II,London
99,Broddy,Yesenev,byesenev2q@issuu.com,Compensation Analyst,Licun
100,Lydon,Lamberteschi,llamberteschi2r@go.com,Automation Specialist IV,Västerås
101,Guglielma,Morratt,gmorratt2s@examiner.com,VP Accounting,Kréstena
102,Brady,McMichell,bmcmichell2t@123-reg.co.uk,VP Marketing,Businga
103,Sayre,Iwanowicz,siwanowicz2u@qq.com,GIS Technical Architect,Keluke
104,Carolan,Hupe,chupe2v@ustream.tv,Design Engineer,Vyksa
105,Zacharie,Klass,zklass2w@umich.edu,Automation Specialist I,Slobozia
106,Janie,Drage,jdrage2x@home.pl,Occupational Therapist,Quitilipi
107,Cristi,Swatten,cswatten2y@ycombinator.com,Database Administrator I,Valence
108,Solomon,Geyton,sgeyton2z@go.com,Director of Sales,Cielmice
109,Chancey,Spooner,cspooner30@delicious.com,Web Designer II,Guangfu
110,Kyle,Cansdall,kcansdall31@tripadvisor.com,Chemical Engineer,Shepetivka
111,Odell,Shernock,oshernock32@zdnet.com,Administrative Assistant III,Yangmiao
112,Caesar,Briscam,cbriscam33@wunderground.com,VP Accounting,Kitapak
113,Sapphire,Bernardinelli,sbernardinelli34@sciencedirect.com,Clinical Specialist,Caucete
114,Eilis,McSwan,emcswan35@youku.com,Senior Quality Engineer,Zangzhai
115,Killie,Gasgarth,kgasgarth36@youku.com,Cost Accountant,Las Vegas
116,Nigel,Raigatt,nraigatt37@si.edu,Geological Engineer,Ciampea
117,Babita,Blaney,bblaney38@alibaba.com,Staff Scientist,Faeanak Dua
118,Shae,Toler,stoler39@typepad.com,Nuclear Power Engineer,Huangzhuang
119,Simeon,Muckersie,smuckersie3a@cargocollective.com,Project Manager,Az Zabadānī
120,Karna,Dottrell,kdottrell3b@simplemachines.org,Assistant Professor,Enshi
121,Othelia,Whittock,owhittock3c@bing.com,Assistant Manager,Katrineholm
122,Harv,Charke,hcharke3d@dot.gov,Structural Engineer,Bengras
123,Eugine,Louche,elouche3e@ning.com,Geological Engineer,Kyaikto
124,Lorettalorna,Vesco,lvesco3f@sohu.com,Programmer Analyst I,Sobreira
125,Hally,Tirone,htirone3g@usgs.gov,Financial Analyst,Hot
126,Millie,Gavigan,mgavigan3h@cdbaby.com,Financial Analyst,Rybie
127,Fletcher,Deaton,fdeaton3i@google.com.au,Associate Professor,Zainsk
128,Padgett,Hunter,phunter3j@ameblo.jp,Senior Cost Accountant,Yanino Vtoroye
129,Bernadene,Barenski,bbarenski3k@drupal.org,Graphic Designer,Landskrona
130,Rachel,Tenman,rtenman3l@themeforest.net,Actuary,Kishorganj
131,Elvin,Lacroux,elacroux3m@sbwire.com,Administrative Officer,North Shore
132,Hastie,Poppleton,hpoppleton3n@yolasite.com,Quality Control Specialist,Gielniów
133,Ramona,Stode,rstode3o@about.com,Financial Advisor,Luzino
134,Mikol,McKenna,mmckenna3p@cam.ac.uk,Budget/Accounting Analyst III,Pengwan
135,Adena,Blaymires,ablaymires3q@imgur.com,Account Representative II,Cabucgayan
136,Gloriana,Finlaison,gfinlaison3r@ning.com,Administrative Assistant III,Cran-Gevrier
137,Brittaney,Rigmand,brigmand3s@cmu.edu,Compensation Analyst,Chornyanka
138,Isidora,Yacobsohn,iyacobsohn3t@biglobe.ne.jp,Design Engineer,Nîmes
139,Grier,Leethem,gleethem3u@cbc.ca,Senior Quality Engineer,Sundsvall
140,Winne,Loxley,wloxley3v@virginia.edu,Computer Systems Analyst II,Lincoln
141,Harriot,Northrop,hnorthrop3w@arizona.edu,Business Systems Development Analyst,Guilherand-Granges
142,Ber,Rummer,brummer3x@twitter.com,Programmer IV,Dujiajing
143,Kerri,Hallgate,khallgate3y@naver.com,Structural Analysis Engineer,Nizhniy Novgorod
144,Cate,Johl,cjohl3z@virginia.edu,Assistant Manager,El Progreso
145,Violette,Adrain,vadrain40@japanpost.jp,Nurse Practicioner,Anchau
146,Mata,Glenwright,mglenwright41@huffingtonpost.com,Human Resources Manager,Surenavan
147,Othella,Rendell,orendell42@ftc.gov,Financial Advisor,Choya
148,Sigismond,Fritchley,sfritchley43@irs.gov,Compensation Analyst,Győr
149,L;urette,Cryer,lcryer44@g.co,Health Coach III,Wringinputih
150,Raf,Degoix,rdegoix45@clickbank.net,Automation Specialist IV,Darungan Lor
151,Alley,Bastin,abastin46@xrea.com,Civil Engineer,Mwinilunga
152,Alysa,Daburn,adaburn47@sina.com.cn,Data Coordiator,Razumnoye
153,Kaylee,Skehan,kskehan48@about.me,Nurse Practicioner,Comalapa
154,Dave,Kimmitt,dkimmitt49@xinhuanet.com,Financial Analyst,Birigui
155,Randolf,Hauch,rhauch4a@flavors.me,Office Assistant I,Shuitian
156,Jess,Tretwell,jtretwell4b@umn.edu,Geologist I,Agdangan
157,Gertrud,King,gking4c@usnews.com,Project Manager,Pecatu
158,Renado,Clynmans,rclynmans4d@accuweather.com,Executive Secretary,San Francisco
159,Arluene,Seligson,aseligson4e@domainmarket.com,Marketing Manager,Buray
160,Desdemona,Danels,ddanels4f@psu.edu,GIS Technical Architect,Fenghuangshan
161,Robert,Walenta,rwalenta4g@usa.gov,Teacher,Tiztoutine
162,Gunter,Studdert,gstuddert4h@ucoz.com,Social Worker,Binonga
163,Silvan,Bever,sbever4i@com.com,Electrical Engineer,Jubao
164,Katerine,Stabler,kstabler4j@forbes.com,Executive Secretary,Hele
165,Arron,Kingsland,akingsland4k@soup.io,Marketing Assistant,Ruma
166,Ainslie,Adacot,aadacot4l@weibo.com,General Manager,Tyresö
167,Margaretha,MacCheyne,mmaccheyne4m@artisteer.com,Executive Secretary,Mersam
168,Jeane,Jacks,jjacks4n@istockphoto.com,Media Manager II,Donggang
169,Michael,Knill,mknill4o@wordpress.com,Assistant Professor,Jurva
170,Brit,Menham,bmenham4p@w3.org,Editor,Geneina
171,Kristi,Wooster,kwooster4q@plala.or.jp,Junior Executive,Puncakmanis
172,Thomasina,Gaveltone,tgaveltone4r@printfriendly.com,Environmental Specialist,Charleston
173,Shep,Gavaghan,sgavaghan4s@rakuten.co.jp,Software Engineer IV,Korsze
174,Estrellita,Stedman,estedman4t@yellowbook.com,Research Nurse,Chynów
175,Melita,Jeavon,mjeavon4u@house.gov,Office Assistant II,Portela
176,Peyter,Wardlow,pwardlow4v@fastcompany.com,Accounting Assistant I,Kinmparana
177,Maure,Voss,mvoss4w@answers.com,Systems Administrator I,Shahrisabz Shahri
178,Farly,Deverock,fdeverock4x@dropbox.com,Software Test Engineer II,Bang Kruai
179,Sella,Wickersham,swickersham4y@instagram.com,General Manager,Zaoxi
180,Torrie,Goldney,tgoldney4z@ebay.com,Project Manager,Wanzhai
181,Mike,Hattrick,mhattrick50@com.com,Business Systems Development Analyst,San Bernardino
182,Dennie,Pascoe,dpascoe51@loc.gov,Paralegal,Ishim
183,Cynthia,Molson,cmolson52@go.com,Recruiter,Palma Gil
184,Vita,Fridaye,vfridaye53@wordpress.org,Desktop Support Technician,Anwen
185,Cassie,Rodolf,crodolf54@hao123.com,Desktop Support Technician,Starigrad
186,Sibby,Knibb,sknibb55@elpais.com,VP Accounting,Pringgoboyo
187,Willy,Woodyeare,wwoodyeare56@live.com,Project Manager,Petrovice u Karviné
188,Silvia,Lemary,slemary57@noaa.gov,Actuary,Mulyadadi
189,Chloette,Wyche,cwyche58@pen.io,Quality Engineer,Solna
190,Virgie,Moralis,vmoralis59@arstechnica.com,Geologist IV,Wilfrido Loor Moreira
191,Charlean,McKinless,cmckinless5a@1688.com,Data Coordiator,Luzhai
192,Marcus,Tinsey,mtinsey5b@biglobe.ne.jp,Human Resources Manager,Shadrinsk
193,Dorita,Naisbet,dnaisbet5c@usda.gov,Analog Circuit Design manager,Pembroke
194,Jeanelle,Swadlin,jswadlin5d@plala.or.jp,Administrative Officer,Pagak Kulon
195,Charyl,O'Mullally,comullally5e@ow.ly,Staff Scientist,Buruanga
196,Dimitry,Osler,dosler5f@sciencedaily.com,Librarian,Staraya Ladoga
197,Coletta,Kilvington,ckilvington5g@amazon.co.jp,Design Engineer,Tucupido
198,Holli,Loakes,hloakes5h@ezinearticles.com,Registered Nurse,Luziânia
199,Tomaso,Reightley,treightley5i@deviantart.com,Accounting Assistant IV,Voždovac
200,Constance,Endricci,cendricci5j@behance.net,Clinical Specialist,Jaguaquara
